,sentence,id,article_id,valence,arousal,is_annotated,is_miscellaneous,rank_value
0,"The automaker also said it is considering introducing subcompact SUV models in South Korea, the United States and Europe.",186,43,0.64,0.51,True,False,0.01
1,It fell 12 percent last year.,274,63,0.39,0.49,True,False,0.66
2,Dozens of companies in the sector merged in the 1990s as military spending fell sharply after the end of the Cold War.,2540,615,0.5,0.7,True,False,0.87
3,"Annual revenues for the government IT business are now between $4.5 billion and $5 billion, instead of the $6 billion initially projected, the people said.",3313,782,0.36,0.54,True,False,0.67
4,"The Swedish crown rose versus the dollar and euro after the Riksbank, Sweden's central bank, kept interest rates unchanged as expected but said it was ready to act if a slight rise in inflation stalled.",4024,936,0.55,0.39,True,False,0.34
5,"The sharp fall in oil prices has resulted in less M&A opportunities, in particular from national oil companies, and increased the need for preserving capital, resulting in less work for bankers.",4081,950,0.19,0.39,True,False,0.08
6,"  Wells Fargo  (N:WFC) & Co is moving the New York headquarters of its Wells Fargo Securities arm to Manhattan's West Side, to 30 Hudson Yards, which is currently under development, the company said in a statement.",4469,1030,0.54,0.47,True,False,0.77
7,"Economy Minister Vazil Hudak said the JLR factory would create 12,000 jobs in supplier industries in addition to those at the factory.",4547,1054,0.79,0.58,True,False,0.8
8,There is no indication that Fiat Chrysler intentionally hid the reports and no suggestion that NHTSA failed to discover safety defects because of the missing reports.,5061,1130,0.33,0.44,True,False,0.0
9,"""Depending on the outcome of these discussions and the remedies that may be required, there is strong likelihood that the closing of the transaction will slide to 2016.""Garcia said the companies were confident that the deal would be approved.",5112,1133,0.69,0.6,True,False,0.2
10,"When asked, the source said Sutton Coldfield ""was presumed to be one of the UK sites.",5422,1202,0.51,0.49,True,False,0.7
11,Boeing plans to deliver the 737 MAX in the third quarter of 2017.,5719,1273,0.59,0.54,True,False,0.69
12,"Renault remains on collision course with France, its biggest shareholder, in a dispute that erupted in April when Economy Minister Emmanuel Macron raised the government's stake in the carmaker to secure double voting rights.",5832,1298,0.4,0.7,True,False,0.01
13,"""We have seen a turnaround in the U.S.",6561,1438,0.57,0.64,True,False,0.64
14,"Citing ""new evidence,"" the UN's Office of the High Commissioner for Human Rights said in a statement the residue ""contained high levels of toxic heavy metals and other toxic chemicals"".",7528,1690,0.28,0.77,True,False,0.05
15," U.S. stock indexes closed slightly lower in a quiet trading day on Wall Street after last week's strong gains, while a big healthcare deal failed to impress investors on Monday.",8027,1803,0.22,0.36,True,False,0.68
16,United's management has made securing labor contracts a top focus following a leadership change in September.,8242,1857,0.56,0.52,True,False,0.62
17,Those systems regulate how a vehicle cleans burnedup fuel before it is expelled as exhaust.,8852,1926,0.52,0.51,True,False,0.86
18,"The British bank is also removing a head of global electronic trading for foreign exchangerelated misconduct, the New York Department of Financial Services (NYDFS) said.",9169,1993,0.31,0.6,True,False,0.06
19,"The monitor would help regulators oversee one of the biggest and most complex safety recalls in U.S. automotive history, encompassing 23 million air bag inflators in 19 million vehicles manufactured by 12 car companies.",9636,2100,0.41,0.56,True,False,0.9
20,"At the same time, the Detroit automakers need to continue building and selling small cars to meet evertightening U.S. fuel economy regulations because big pickups and SUVs have much lower mileage.",9663,2106,0.46,0.55,True,False,0.55
21,"Tenyear yields were last down 2.1 bps at 2.59 percent, having hit 2.41 percent in Asian trade.",9790,2135,0.38,0.49,True,False,0.37
22,"In response to the growing public criticism, Vale on Tuesday said it had ""supported Samarco since the first day"" of the disaster and had provided 100 employees, helicopters, fuel and vehicles to the recovery effort.",10512,2269,0.48,0.6,True,False,0.51
23,"CARLb).The takeover, which SABMiller's board provisionally accepted last month, would be the largest of a Britishbased company and the fourthbiggest overall of any corporation.",10630,2304,0.56,0.66,True,False,0.78
24,"The rally ""now has the ability to spread out and we can see some further strength in consumer discretionary,"" he said, while also citing financials as an added push higher for stocks.",11265,2465,0.63,0.53,True,False,0.99
25,"""We estimate that women, whatever their revenue level, spend as much as a third of their income on beauty,"" Reza Miremadi, who distributes L'Oreal's mass market brands such as Maybelline and Garnier in Iran.",13062,2791,0.62,0.62,True,False,0.77
26,"Growing digital sales, which were less than 3 percent of Target's business through the first half of the year, has been a priority for Cornell.",13279,2834,0.51,0.66,True,False,0.28
27,Other major international banks such JP Morgan or UBS made swifter changes to their strategies to address persistently low interest rates and tighter regulation after the financial crisis.,13618,2902,0.54,0.51,True,False,0.22
28,Alibaba  (N:BABA) rose 4 percent to $79.44 after the ecommerce giant reported betterthanexpected revenue.,14007,2966,0.81,0.56,True,False,0.35
29,"The number of recalled vehicles, more than double Bentley's record 11,020 deliveries last year, includes 5,906 cars in China, the brand's secondbiggest market after the Americas, he said.",14186,3012,0.35,0.57,True,False,0.36
30,It said it was finalizing both agreements with the U.S. government and expected to receive more funding this year.,15666,3320,0.64,0.56,True,False,0.97
31,"Wilpon and Katz settled that lawsuit in 2012 by agreeing to give up their claims to all but $16 million of the $178 million they lost in the Madoff fraud, though it is unlikely they will recover any funds.",16200,3411,0.37,0.54,True,False,0.54
32,Cheap used planes can help airlines bridge the few years until they can get the fuelefficient 777Xs or A330neos.,16434,3456,0.56,0.49,True,False,0.14
33,"""What they should have done was build a collar around VMware.",17002,3569,0.41,0.57,True,False,0.02
34,"""And the rest of the organization will be streamlined in parallel.""FBN",17095,3585,0.55,0.51,True,False,0.8
35,Pepsi and CocaCola are no strangers to the dairy sector.,17318,3639,0.55,0.53,True,False,0.31
36,"The S&P 500 (SPX) lost 0.36 percent to 1,979.92 and the Nasdaq Composite (IXIC) dropped 0.69 percent to finish the day at 4,748.36.Seven of the ten major S&P sectors ended lower.",18831,3891,0.27,0.45,True,False,0.17
37,"Prices for services can vary widely even from one customer to another at the same bank, depending on such things as how big the fund is and how much business it does with the bank.",18911,3917,0.52,0.53,True,False,0.86
38,The dollar rose 0.3 percent to 120.24 yen <JPY=> after nudging up overnight versus its Japanese counterpart.,19903,4103,0.63,0.52,True,False,0.67
39,"The lack of information available on how different dark pools operate makes it nearly impossible for investors to evaluate risks and make informed choices about different venues, which vary widely in pricing, order priority and customers, Stein said.",20034,4119,0.36,0.58,True,False,0.93
40,"""The market thinks the latest bout of risk aversion will drive the Fed to postpone a rate hike,"" said Niels Christensen, FX strategist at Nordea.",20485,4210,0.53,0.38,True,False,0.49
41, The Bill & Melinda Gates Foundation Trust has sued Brazil's Petrobras (SA:PETR4) (N:PBR) to recoup stock losses stemming from a corruption scandal at the staterun oil company.,20970,4293,0.33,0.67,True,False,0.43
42,"A rate hike and dovish outlook, no hike with hawkish comments and a no hike with dovish comments.",22367,4612,0.51,0.5,True,False,0.77
43,"Commodity prices were relatively wellsupported with U.S. crude futures last trading at $46.77 per barrel, down slightly from Thursday's high of $47.71 but still up almost 5 percent on the week.",22373,4612,0.67,0.52,True,False,0.84
44,"""This is not a benchmark ...(but) there is scope, if the necessity is there.""",22893,4715,0.53,0.57,True,False,0.8
45,"Experts reckon there are only a small number of nations with cyber intelligence services which are capable of such attacks on network equipment, including those of Britain, China, Israel, Russia and the United States.",22915,4719,0.46,0.59,True,False,0.71
46,"BAIC's research center, which initially will house 20 employees, is located in Fremont, near the assembly plant where Tesla builds the Model S electric car.",23864,4923,0.55,0.52,True,False,0.15
47,"The largest Texas supermarket chain, HEB, which also sells toys and appliances, has also launched a layaway plan and related promotions.",23904,4928,0.58,0.52,True,False,0.36
48,"""While emerging markets are in a far better shape than what they were a few years ago, there may be more pain in store for them,"" he said.",25321,5314,0.41,0.61,True,False,0.41
49,"""""We have an ability to have our voice heard in the M&A process and we use that ability,"" said Kent Fisher, vice president and general manager of suppliers at Boeing Commercial Airplanes.",25763,5427,0.58,0.66,True,False,0.92
50,"In the United States, farmers are tightening their budgets and cutting back on everything from equipment to seeds and pesticides.",26343,5539,0.28,0.35,True,False,0.45
51,These shares of companies incorporated in mainland China are listed on the Hong Kong exchange.,27724,5879,0.56,0.5,True,False,0.26
52,"Net income rose to $2.23 billion, or $1.73 per share, in the quarter ended Aug. 2.",27748,5896,0.62,0.52,True,False,0.56
53,"agree with that perspective at $30, but at $14 I feel like it's more than baked in,"" Smoluch said, adding that at current levels he is buying SunEdison again.",28162,6010,0.59,0.52,True,False,0.11
54,"U.S. crude  settled down $1.07 at $42.23 a barrel, after setting a session bottom at $41.91, its lowest since March 2009 when the financial crisis was wreaking havoc on oil prices.",28237,6025,0.45,0.67,True,False,0.47
55," General Motors Co (N:GM) luxury brand Cadillac aims to increase its annual sales to half a million vehicles worldwide by 2020 from an expected 275,000 this year, Cadillac's top executive said on Tuesday.",28674,6151,0.68,0.57,True,False,0.65
56,"""Our pitch to clients is that it is not about being all things to all people,"" Potter said.",28720,6164,0.54,0.51,True,False,0.76
57,U.S. sales for fully electric vehicles including the Nissan Leaf have fallen this year as gasoline prices have dropped.,29294,6353,0.32,0.51,True,False,0.12
58,"Its ""gothic delta wing"" echoes the elegant curves of Concorde.",29630,6442,0.7,0.53,True,False,0.16
59,Prosecutors have conceded that Madoff alone knew the full extent of his deception.,29824,6469,0.29,0.61,True,False,0.28
60,"Fedex and TNT Express said they were still on track to complete their proposed combination in the first half of 2016, despite the announcement of the European Commission's indepth review.",30130,6548,0.46,0.62,True,False,0.96
61,"""Pearson did not name the potential buyers.",31402,6834,0.55,0.38,True,False,0.49
62,The management shakeup comes a week after the No. 2 U.S. bank by assets reported its biggest quarterly profit in nearly four years as expenses fell to their lowest since the financial crisis.,32060,6947,0.76,0.75,True,False,0.39
63,Abercrombie is expected to post a 31 percent fall in profit for the AugustOctober period.,32584,7034,0.29,0.5,True,False,0.79
64,"The Nasdaq Composite was up 33.14 points, or 0.65 percent, at 5,104.65.The panEuropean FTSEurofirst 300 index closed up 0.53 percent, at 1,580.34.",33816,7310,0.52,0.42,True,False,0.53
65,"Fedex's directors discussed the deal at a meeting over the weekend, Bloomberg reported.",33962,7352,0.54,0.54,True,False,0.44
66,The Asian giant reports domestic product data on Wednesday and forecasts are that annual growth slowed to 6.9 percent last quarter.,34191,7404,0.36,0.45,True,False,0.75
67,"Konigsberg also allowed Madoff to pay a relative for a noshow job at Madoff's firm, prosecutors said.",34641,7478,0.37,0.55,True,False,0.02
68,"""Deutsche Bank has been plagued by fines and investigations, faces high operating costs and unhappy unions, and requires huge investments to modernise technology and restructure.",35951,7838,0.21,0.73,True,False,0.34
69,The bank's apartment business could be tested in at least two ways in coming years.,35991,7846,0.53,0.68,True,False,0.68
70,"""The reviews are worrying for the agencies but their effects will also be felt on media owners because the price of ads will fall further,"" Levy predicted, referring to TV broadcasters, print outlets, and radio.",36560,7986,0.32,0.59,True,False,0.08
71,"WPP has made a big bet on data with its Kantar unit, which Sorrell argues offers a competitive advantage although a lower margin business.",36565,7986,0.54,0.61,True,False,0.52
72,Some analysts had expected Baer to set aside as much as 850 million Swiss francs ($914 million) for the case.,37139,8120,0.43,0.56,True,False,0.49
73,"Set against such obstacles to a deal is the increasingly cutthroat nature of the French telecoms sector and how Bouygues Telecom, after a strong start, has struggled to keep up since Iliad's 2012 arrival as a fourth national player.",37288,8162,0.35,0.42,True,False,0.24
74,Higher capital requirements mean less money to lend out or invest and consequently lower returns for a bank.,37640,8257,0.34,0.43,True,False,0.28
75,"""The market seems to be pricing in a possibility, overpricing, a Greece exit,"" said Art Hogan, chief market strategist at Wunderlich Securities in New York.",38073,8367,0.38,0.66,True,False,0.37
76,"Simply appealing to a sense of patriotism to get a deal done is no longer acceptable, the protesting investors say.",38482,8454,0.44,0.61,True,False,0.46
77,"With investors growing more nervous about the timing of the Fed's first rate hike in nearly a decade, the Dow dipped into negative territory for 2015.Strongerthanexpected May jobs data released on Friday prompted expectations of a Fed rate hike in September, sooner than some expected.""The",39249,8644,0.5,0.5,True,True,0.73
78,"""That makes it a lot more difficult to get the confidence level from the board and investors to take big swings,"" he said.",39658,8730,0.34,0.63,True,False,0.2
79,"Google, for instance, won a project from the Autism Speaks foundation to collect and analyze the genomes of 10,000 affected children and their parents for clues to the genetic basis of autism.",39689,8731,0.62,0.53,True,False,0.89
80,"Schoch said the company took such actions in the first quarter, but noted that they were immaterial and declined to give details.",41491,9197,0.4,0.26,True,False,0.03
81,"Goldman was ranked as the top underwriter for technology public offerings last year, according to Thomson Reuters data, capturing 18.4 percent of market share.",41611,9228,0.63,0.55,True,False,0.65
82,"But they may also make companies change the packaging of the product, a potentially costly move.",41692,9229,0.26,0.55,True,False,0.02
83," Honda Motor Co could see an impact on sales in Japan from its plans to recall some 5 million cars to replace potentially fatal air bags made by Japan's Takata Corp, a top executive said on Friday.",42857,9444,0.31,0.61,True,False,0.2
84,"As a group, their capex plans are down by $21.4 billion, or 14.1 percent from a year ago, according to the Thomson Reuters analysis.",43041,9479,0.32,0.44,True,False,1.0
85,"  Wells Fargo  & Co (N:WFC), the largest U.S. mortgage lender, has undertaken a study to streamline five of its key departments, a move that could lead to job losses, the Charlotte Observer reported on Wednesday.",43140,9496,0.32,0.65,True,False,0.38
86,"""In particular, investors are waiting for inflation numbers and the next jobs report in coming weeks, said Michael Matousek, head trader at U.S. Global Investors Inc in San Antonio.",43223,9510,0.49,0.59,True,False,0.07
87,"The Dow Jones U.S. Hotels Index (DJUSLG) has risen 5.5 percent so far this year, outperforming the S&P 500 index, which has risen 2.7 percent (SPX).",44669,9815,0.75,0.56,True,False,0.5
88,"About 213,000 jobs are seen having been added in April, after an add of 126,000 in March.",45415,9927,0.71,0.52,True,False,0.93
89," U.S. stocks, led by the Nasdaq, sold off on Thursday as Apple shares declined, and tech and biotech quarterly results disappointed.",45611,9946,0.21,0.49,True,False,0.77
90,China stocks slipped after the country's securities regulator said it would accelerate approval of initial public offerings in an apparent effort to cool the red hot market.,46781,10179,0.37,0.52,True,False,0.76
91,"LMC forecasts Colorado sales to hit just over 74,000 this year but to fall by 8.4 percent over the next five years, and Canyon sales to hit almost 29,500 this year but slide almost 21 percent in the subsequent five years.",47261,10251,0.32,0.58,True,False,0.09
92,Citigroup declined to comment.,47409,10274,0.44,0.49,True,False,0.3
93,"The activist investor wants DuPont to separate its materials businesses from its nutrition and health, agriculture, and industrial biosciences divisions.",47797,10334,0.51,0.56,True,False,0.65
94,It has damaged her reputation as a manager because she was chairwoman of the Petrobras board when much of the graft took place.,47955,10375,0.3,0.61,True,False,0.61
95,"They are trying to improve profitability, cut costs, sell businesses, deal with old misconduct issues and simplify.",48138,10402,0.56,0.62,True,False,0.48
96,"U.S. crude inventories rose only 1.3 million barrels to 483.69 million, the smallest build since the week ending Jan. 2, according to the Energy Information Administration.",48905,10509,0.3,0.42,True,False,0.46
97,Both lenders have hired investment banks to advise them on strategic options.,49609,10642,0.58,0.48,True,False,0.79
98,"""We could see other takeovers in the industry in the coming weeks and months.""",50149,10741,0.49,0.61,True,False,0.53
99,"  Ford Motor Co 's (N:F) joint venture with Chongqing Changan Automobile Co Ltd (SZ:000625) will takeover and upgrade a factory in northeast China in a 6.6 billion yuan ($1.1 billion) deal, a company spokeswoman said.",50763,10854,0.72,0.56,True,True,0.56
100,Wall Street's key indices were ahead after the U.S. Commerce Department reported U.S. gross domestic product expanded at a 2.2 percent annual rate in the fourth quarter and aftertax corporate profits had their biggest drop since early 2011.,51741,11033,0.62,0.57,True,False,0.38
101,Some of the names attracting short bets are recent entrants to the stock market.,51821,11048,0.29,0.54,True,False,0.91
102," ""This impact of the dollar on U.S. earnings could last for three to seven years.",52765,11200,0.5,0.63,True,False,0.81
103,"Lately, he has been adding to positions in companies such as German materials company ThyssenKrupp AG, best known for making elevators.",52873,11205,0.56,0.54,True,False,0.32
104,Cereals accounted for roughly $2.9 billion of the company's $17.9 billion in annual sales in fiscal 2014.,53500,11272,0.5,0.5,True,False,0.62
105,"""The government is keeping a close watch on this matter and making sure that the deal maintains a solid base and decisionmaking centres in France,"" the source told Reuters.",54190,11357,0.53,0.54,True,False,0.33
106,"Tyson and Keystone Foods, part of Brazilbased Marfrig Global Foods SA, both told Reuters they have significantly reduced medicallyimportant antibiotic use in their flocks and are positioned to meet McDonald's and other customers' needs.",55370,11517,0.71,0.56,True,False,0.6
107,"""This plant is key to our future growth in the very dynamic North American van market,"" Volker Mornhinweg, head of MercedesBenz Vans, said in a statement.",55498,11538,0.69,0.73,True,False,0.21
108,"Investors remained cautious ahead of U.S. nonfarm payrolls report for February, which could provide clues about the timing of the U.S. Federal Reserve's interest rate hike.",55867,11592,0.33,0.32,True,False,0.16
109,"About 6.3 billion shares changed hands on U.S. exchanges, below the 6.5 billion average for the last five sessions, according to BATS Global Markets.",55950,11600,0.44,0.43,True,False,0.01
110,[MET/L],56261,11650,0.5,0.5,True,True,0.29
111,"At the hearing's conclusion, Diogo called Volkswagen's testimony ""absolutely unsatisfactory.",56390,11661,0.08,0.65,True,False,0.6
112,"Nancy Orlando, a bank spokeswoman, said the changes would be implemented at the bank's U.S. branches, located in the Northeast, by Sept. 30th.",57691,11828,0.51,0.54,True,False,0.34
113," The death of Italian billionaire Michele Ferrero could ultimately herald a deal involving the chocolate empire bearing his name, with the family's third generation leading it into a future of increasingly hungry multinationals.",58519,11920,0.51,0.66,True,False,0.5
114,"Still, Asheesh Saastry at Boston Consulting Group reckons price liberalization will spark action.",58669,11936,0.62,0.77,True,False,0.12
115,"The research lab was set up late last year, soon after Apple revealed its forthcoming smart watch and latest iPhones, the daily said.",58964,11959,0.57,0.56,True,False,0.27
116,Maintaining its spot at the top of the global technology market and growing its nowrecord market value hinges in part on Chief Executive Tim Cook's ability to keep up the stream of gamechanging consumer products launched by cofounder Steve Jobs.,59096,11978,0.55,0.66,True,False,0.05
117,"The hybrid format is preferred by many activists, large pension funds and asset managers, because they feature CEOs facing shareholders in person, while also expanding to the virtual audience.",59166,11989,0.56,0.5,True,False,0.41
118,"""Competitors could take advantage of those and play the price game and hence, gain market share,"" said Jack Russo, an analyst at Edward Jones, in an email.",59827,12052,0.64,0.57,True,False,0.74
119,Birnbaum said SodaStream was seeking to obtain more permits for Palestinian workers as is needed.,60234,12095,0.55,0.51,True,False,0.41
120,"Consumer spending, which accounts for more than twothirds of U.S. economic activity, rose at a 4.3 percent pace in the fourth quarter, the fastest since the first quarter of 2006 and an acceleration from the third quarter's 3.2 percent pace.",60983,12163,0.66,0.56,True,False,0.05
121,At least three potential candidates in a narrow field have turned their back on the job heading France's largest company.,62600,12317,0.34,0.62,True,False,0.33
122,  The financial services affiliate of Alibaba (N:BABA) launched on Wednesday a system that will use the ecommerce giant's data trove to assess the creditworthiness of Chinese consumers and businesses with little or no history at traditional lenders.,63240,12390,0.54,0.54,True,False,0.3
123,"""Verizon is the best house in a bad neighborhood,"" said Craig Moffett, an analyst at MoffettNathanson.",64354,12490,0.64,0.61,True,False,0.92
124,The S&P 500 posted 37 new 52week highs and 9 new lows; the Nasdaq Composite posted 41 new highs and 95 new lows.,64592,12515,0.54,0.46,True,False,0.32
125,"South Korean stocks tend to trade at a discount to those elsewhere due to weaker corporate governance, complicated crossshare holdings and low dividends.",64886,12559,0.34,0.57,True,False,0.88
126,"But the clean energy source contributes less than 1 percent to India's energy mix, while its dependence on erratic coal supplies causes chronic power cuts.",66441,12711,0.35,0.7,True,False,0.79
127,"""The better burger space has been a pretty disruptive force for McDonald's and other players,"" said Darren Tristano, executive vice president at Technomic.",67493,12836,0.55,0.66,True,False,0.07
128,"""Asked to comment on the FT report, BP issued an emailed statement that said: ""Following regulatory market (not into BP) investigations regarding the FX markets, we conducted a review into our activities in this area.",67686,12857,0.43,0.39,True,False,0.39
129,"In currencies, the dollar eased on the safe haven yen to stand at 119.42 <USD/JPY> from Tuesday's peak of 120.69.",67722,12859,0.73,0.29,True,False,0.62
130,"""That translates to more disposable income, which could mean stronger retail sales.""",68016,12898,0.62,0.54,True,False,0.68
131,"The data highlighted a continuing trend of ""the consumer wanting experience"" over goods.",68035,12900,0.56,0.51,True,False,0.48
132," (Reporting by Sruthi Ramakrishnan in Bengaluru, Editing by Siddharth Cavale and Don Sebastian)",68992,12998,0.5,0.5,True,True,0.77
133,"""Takata has become extremely strict when it comes to quality control now,"" said one of the people who was present at the meeting.",70060,13106,0.61,0.51,True,False,0.77
134, Fiat Chrysler Automobiles NV (MI:FCHA) (N:FCAU) said it had priced an offering of 87 million common shares at $11.00 each as the carmaker seeks funds to cut debt and pay for an ambitious investment plan.,70575,13143,0.57,0.66,True,False,0.13
135,"Going forward, we do not expect our tax rate to change materially.""",70590,13144,0.61,0.34,True,False,0.65
136,We're focused on Shire as an independent company.,70665,13150,0.55,0.55,True,False,0.82
137,"Standard Chartered's shares were down 1 percent at 935 pence by 0500 ET, underperforming a flat European bank index.",70992,13165,0.23,0.44,True,False,0.42
138,"You decide whether or not our food is safe!""",71000,13166,0.46,0.63,True,False,0.78
139,"Late Friday, Merck said it planned to buy Cubist, whose flagship product is the widely used antibiotic Cubicin for skin infections.",71021,13169,0.52,0.55,True,False,0.28
140, (Editing by David Holmes),71174,13180,0.5,0.5,True,True,0.91
141,"Details of the second attempt, which took place a few days ago, were not immediately available, the sources added.",72313,13275,0.45,0.39,True,False,0.49
142," Deutsche Bank (DE:DBKGn) is negotiating the sale of its stake in London hedge fund Arrowgrass Capital Partners to private equity firm Foundation Capital Partners, the Wall Street Journal reported on Tuesday.",72625,13300,0.51,0.62,True,False,0.81
143,Thirdquarter gross domestic product came in much stronger than expected but separate data showing consumer confidence sliding to a fivemonth low and a further moderation in house price gains put a lid on the market's advance.,73668,13379,0.49,0.7,True,False,0.38
144,"""There is a whole new category for compact premium sedans.""",74835,13470,0.62,0.6,True,False,0.86
145,"While Watt's predecessor at the FHFA opposed principal reductions, putting him at odds with the White House and many Democrats, Watt declined to stake out a clear position and said the agency was still studying the matter.",74863,13474,0.56,0.63,True,False,0.32
146,"In a 2013 alert to the public, the SEC said investors needed to keep in mind that oil and gas private placements were especially risky, that they often carried hidden fees, and that issuers routinely made money even when drilling yielded no oil or gas.",76776,13633,0.37,0.64,True,False,0.29
147,The switch can slip out of position and cut power to air bags and brakes and has prompted the recall of 2.6 million vehicles.,77143,13656,0.32,0.68,True,False,0.85
148,"Prosecutors said in July 2008, Martoma received a tip from a doctor about negative trial results for an Alzheimer's drug being developed by Elan and Wyeth.",78359,13753,0.37,0.55,True,False,0.9
149,"Citigroup's investors, its ability to gain ground on rivals in businesses like credit cards is one of its biggest opportunities to boost its share price valuation, which lags many rivals.",78739,13779,0.66,0.57,True,False,0.85
150,"Nasdaq agreed in May 2013 to pay a $10 million penalty, a record for a stock exchange, to settle U.S. Securities & Exchange Commission charges over its alleged ""poor systems and decisionmaking"" for the IPO.",79505,13817,0.28,0.57,True,False,0.37
151,"Makoto Kitamura, the deputy director general of the Reconstruction Agency, says local government spending of reconstruction money has been accelerating.",79752,13830,0.54,0.65,True,False,0.88
152,"""There's no conflict of interest,"" she said.",80534,13889,0.61,0.37,True,False,0.43
153,The benchmark S&P 500 index posted 24 new 52week highs and 1 new low; the Nasdaq Composite showed 45 new highs and 30 new lows.,82131,14005,0.61,0.5,True,False,0.87
154,But few airlines have translated that optimism into new orders on the scale of IndiGo's since most are losing money.,82608,14053,0.27,0.36,True,False,0.1
155,But other carriers likely will see smaller potential gains.,83450,14109,0.45,0.36,True,False,0.55
156,"Harrison was at CN when it tried to merge with Burlington National, which is now owned by Warren Buffett.",84062,14162,0.52,0.51,True,False,0.76
157,Allergan declined to comment.,84556,14191,0.35,0.43,True,False,0.15
158,"""This investigation was De Gucht's issue.",84934,14212,0.37,0.61,True,False,0.23
159,"Four former senior Tesco executives have told Reuters that during the 20112014 CEO tenure of Phil Clarke, he repeatedly clashed with directors, who found him reluctant to take advice.",86549,14318,0.32,0.68,True,False,0.41
160,"Didier Leroy, the Japanese carmaker's head of European operations, said that while sales of entrylevel cars in Russia were down 2530 percent, hurting many of its competitors, demand for premium vehicles was down a more modest 8 percent.",86627,14321,0.33,0.52,True,False,0.26
161,"It's crucial to have the state as a stable shareholder, whose needs are clear, who will be there in the long term even when times are tough.",87021,14344,0.7,0.39,True,False,0.85
162,"""If Lufthansa doesn't make a move, then further strikes will happen.",87295,14368,0.38,0.69,True,False,0.69
163,NHTSA officials said they do not comment on ongoing investigations.,87961,14428,0.49,0.39,True,False,0.9
164,"Both companies have announced increases in production as a result, and are considering further increases to lift A320 or 737 production to 50 planes a month or beyond.",88347,14457,0.8,0.6,True,False,0.18
165,A Ukrainian default would almost certainly force losses on them.,88735,14481,0.35,0.65,True,False,0.38
166,Government officials say they stand ready to deploy fresh fiscal stimulus to limit the impact of a tax hike.,90178,14581,0.58,0.6,True,False,0.51
167,"not sure why we're even listening to this,"" said Circuit Judge Reena Raggi.",90279,14587,0.33,0.7,True,False,0.45
168,"A Reuters investigation last year found that three quarters of the 50 biggest U.S. technology companies channeled revenues from European sales into low tax jurisdictions such as Ireland and Switzerland, rather than reporting them nationally.",90707,14639,0.38,0.54,True,False,0.12
169,"Italian Alberto Onetti runs a Brusselsbacked effort to help introduce startups to investors, particularly multinationals.",90867,14649,0.65,0.55,True,False,0.16
170,"""It was a 1520 percent cost gap,"" said one of the people involved in the Renault decision.",91233,14671,0.39,0.75,True,False,0.62
171,"And they'll vote 'yes' because lastminute cobbled up promises from the 'no' campaign which unravel at the slightest scrutiny will not fool anyone in this country, and neither will blatant bullying and intimidation of the Westminster government.""",91927,14715,0.2,0.77,True,False,0.78
172,"""We think the 801 multiplier is disingenuous, and if that's wrong, what else is wrong?"" said Bob Fulkerson, executive director of the Progressive Leadership Alliance of Nevada.",92439,14762,0.39,0.62,True,False,0.16
173,"Revel, a $2.4 billion casino, was hailed by New Jersey Governor Chris Christie as a model for reviving the city when it opened in 2012 but filed for bankruptcy twice in two years.",92675,14781,0.26,0.56,True,False,0.77
174,"""BP has claims against us for contribution for their exposure under the Clean Water Act,"" McCollum said at the Barclays CEO energypower conference on Tuesday.",94229,14915,0.28,0.69,True,False,0.1
175," In 2010, former Chinese gymnast Li Ning led a surging $4 billion sportswear business, a goldmedal pinnacle echoing his victories at the 1984 Olympic Games.",94464,14931,0.8,0.73,True,False,0.8
176,The Bolivianborn entrepreneur made his fortune through a cellular phone wholesale business called Brightstar which has close ties with handset makers and may provide better access to the latest smartphones at decent prices both for Sprint and its partners.(Editing by Grant McCool),94798,14954,0.64,0.53,True,False,0.25
177,"Frontrunning the euro inflation figures, French data showed producer prices fell 0.3 percent monthonmonth in July and 0.6 percent yearonyear.",94869,14961,0.32,0.35,True,False,0.34
178,"Tim Hortons and Burger King said they do not plan to comment on this potential deal further unless and until a transaction is agreed, or discussions are discontinued.",95674,15039,0.41,0.55,True,False,0.2
179,Goldman Sachs declined to comment.,97095,15160,0.42,0.54,True,False,0.03
180,"For instance, the White House may announce tighter restrictions on federal government contracting with inverted companies, said Chris Krueger, an analyst at Guggenheim Securities in Washington in a research note last week.",97226,15166,0.5,0.5,True,False,0.26
181,"""When we have tried to forge compromises with the chairman, he has insisted on undermining financial stability and consumer protection by providing carveouts for large banks,"" Maxine Waters, the top Democrat on the committee, said in a statement to Reuters.",97791,15197,0.28,0.71,True,False,0.42
182,"Daniel Kerner, director of Latin America and Eurasia Group, said the acceleration scenario was ""looking increasingly likely"".",97862,15205,0.64,0.56,True,False,0.2
183,Merrill changed its policies to let retiring brokers stay on as senior consultants for a period of time they determine.,98400,15244,0.55,0.53,True,False,0.42
184,"Until these geopolitical tensions start easing, investors will continue to look for the safety of toprated assets,"" RIA Capital Markets bond strategist Nick Stamenkovic said.",98488,15249,0.45,0.65,True,False,0.12
185, German carmaker Volkswagen (DE:VOWG_p) increased sales at its core passengercar brand by 4 percent in July as higher deliveries in Europe and China offset declines in the Americas.,98639,15265,0.59,0.51,True,False,0.08
186,"This not only costs Microsoft in lost revenue, but is also holding back the spread of its newest Windows 8 version  analysts say even buyers of pirate software prefer older versions.",98691,15269,0.38,0.44,True,False,0.46
187,"Clementina Previ, 53, from Lodi in northern Italy, said the brand did not offer exciting new collections in the same way as peers.",100056,15368,0.24,0.37,True,False,0.66
188,"Comcast Corp, which is seeking regulatory approval for its $45.2 billion bid for Time Warner Cable, reported a betterthanexpected profit last week, citing the highest number of customer additions for its highspeed Internet in six years.",101430,15471,0.83,0.57,True,False,0.9
189,"""They want to give the customer the best picture of the factory, so when something's going wrong, they have to hide it,"" said Evelyne Mazaleyrat, product manager, food service for food auditor Bureau Veritas in Asia.",101869,15514,0.4,0.61,True,False,0.55
190,Food safety is one of the top issues for Chinese consumers after a scandal in 2008 where dairy products tainted with the industrial chemical melamine led to the deaths of six infants and made many thousands sick.(Reporting by Kazunori Takada;,102565,15578,0.32,0.66,True,False,0.24
191,"However, its results were overshadowed by the continued noise surrounding the costs associated with recalls, including one for a defective ignition switch linked to at least 13 deaths.",103054,15614,0.17,0.7,True,False,0.12
192,"""It seems counterintuitive, given the ruthlessness with which the market sold off yesterday, but in the broader context, the markets are generating a lot of attractive themes,"" said Peter Kenny, chief market strategist at Clearpool Group in New York.",104446,15755,0.68,0.61,True,False,0.73
193,"""There's quite a bit of junk out there.",104693,15776,0.32,0.63,True,False,0.93
194,"this year, Liberty teamed up with Discovery Communications (O:DISCA) to buy TV producer All3Media, Discovery took a controlling interest in European sports broadcaster Eurosport and Murdoch's 21st Century Fox has been seeking to buy Time Warner.",104851,15787,0.51,0.64,True,False,0.12
195,"In the pilot program, Staples sold only USPS shipping services and products.",105775,15870,0.54,0.49,True,False,0.95
196,She said her consumer protection subcommittee will hold another hearing in July.,108105,16123,0.49,0.51,True,False,0.97
197,"""The size of both of these potential legal claims are still unknown, but it looks like GM has sufficient cash on its balance sheet to handle it,"" said Christian Mayes, an analyst with Edward Jones.",108119,16123,0.54,0.63,True,False,0.69
198," General Motors (NYSE:GM) will pay a $35 million fine as part of the U.S. Transportation Department's investigation into the handling of faulty ignition switches in some of its vehicles, the automaker and department officials said Friday.",109007,16501,0.26,0.64,True,False,0.87
199,"Google reported a $198 million net loss from ""discontinued operations,"" which includes the Motorola smartphone business.",109837,16774,0.29,0.46,True,False,0.16
